{"cameraMode":{"drawMode":0,"name":"Shaded","section":"Shading Mode"},"sceneLighting":false,"audioPlay":false,"sceneViewState":{"showFog":true,"showMaterialUpdate":false,"showSkybox":false,"showFlares":true,"showImageEffects":true,"showParticleSystems":true},"in2DMode":false,"pivot":{"x":-1.042111873626709,"y":0.552611231803894,"z":7.431819915771484},"rotation":{"x":0.0595208965241909,"y":-0.4027925431728363,"z":0.02626020833849907,"w":0.9129770994186401},"size":5.700018882751465,"orthographic":false}