{"cameraMode":{"drawMode":0,"name":"Shaded","section":"Shading Mode"},"sceneLighting":true,"audioPlay":false,"sceneViewState":{"showFog":true,"showMaterialUpdate":false,"showSkybox":false,"showFlares":true,"showImageEffects":true,"showParticleSystems":true},"in2DMode":false,"pivot":{"x":8.404077529907227,"y":-14.1594877243042,"z":35.85606002807617},"rotation":{"x":0.1535552591085434,"y":-0.3326602876186371,"z":0.05501396581530571,"w":0.9290568232536316},"size":33.40464401245117,"orthographic":false}