{"cameraMode":{"drawMode":0,"name":"Shaded","section":"Shading Mode"},"sceneLighting":false,"audioPlay":false,"sceneViewState":{"showFog":true,"showMaterialUpdate":false,"showSkybox":false,"showFlares":true,"showImageEffects":true,"showParticleSystems":true},"in2DMode":false,"pivot":{"x":0.11347664147615433,"y":0.651376485824585,"z":9.459969520568848},"rotation":{"x":-0.03330371156334877,"y":-0.009561431594192982,"z":0.0005375535110943019,"w":-0.9994806051254273},"size":5.1247453689575199,"orthographic":false}