{"cameraMode":{"drawMode":0,"name":"Shaded","section":"Shading Mode"},"sceneLighting":false,"audioPlay":false,"sceneViewState":{"showFog":true,"showMaterialUpdate":false,"showSkybox":false,"showFlares":true,"showImageEffects":true,"showParticleSystems":true},"in2DMode":false,"pivot":{"x":-9.574210166931153,"y":3.307178497314453,"z":12.83360767364502},"rotation":{"x":-0.03922804445028305,"y":-0.33679744601249697,"z":-0.014080557972192765,"w":0.9406764507293701},"size":10.0,"orthographic":false}